,index,0
0,justice,126
1,fight,78
2,people,70
3,one,58
4,time,58
5,ballot,56
6,children,55
7,im,54
8,today,48
9,first,45
10,must,45
11,house,44
12,america,42
13,care,41
14,communities,41
15,american,40
16,health,38
17,need,38
18,native,37
19,ensure,37
20,community,35
21,work,35
22,act,34
23,families,34
24,day,34
25,every,33
26,women,33
27,white,31
28,lgbtq,30
29,lets,30
30,trumps,30
31,workers,30
32,history,30
33,law,29
34,make,28
35,know,28
36,country,28
37,lives,27
38,campaign,27
39,nation,27
40,rights,27
41,proud,27
42,school,26
43,end,25
44,americans,25
45,ill,25
46,together,25
47,like,25
48,stand,25
49,fighting,25
50,family,25
51,get,25
52,system,24
53,administration,24
54,access,24
55,protect,23
56,deserve,23
57,years,23
58,next,23
59,black,23
60,better,23
61,working,23
62,help,22
63,iowa,22
64,plan,22
65,leaders,21
66,child,20
67,congress,20
68,life,20
69,wont,20
70,made,20
71,keep,20
72,join,20
73,criminal,20
74,ive,20
75,continue,19
76,take,19
77,many,19
78,across,19
79,government,19
80,california,19
81,new,18
82,tribal,18
83,never,18
84,making,18
85,federal,18
86,support,18
87,equality,18
88,gun,18
89,violence,18
90,state,18
91,action,17
92,states,17
93,right,17
94,tax,17
95,demdebate,17
96,cant,17
97,education,17
98,everyone,17
99,shooting,16
100,world,16
101,discrimination,16
102,dont,16
103,honor,16
104,foreign,16
105,hold,16
106,living,16
107,go,16
108,doesnt,16
109,going,16
110,isnt,15
111,movement,15
112,accountable,15
113,bill,15
114,still,15
115,nations,15
116,paid,15
117,united,15
118,election,15
119,win,15
120,students,15
121,economic,14
122,childrens,14
123,1,14
124,civil,14
125,trans,14
126,epidemic,14
127,public,14
128,live,14
129,last,14
130,national,13
131,week,13
132,indigenous,13
133,chip,13
134,political,13
135,hes,12
136,transgender,12
137,ever,12
138,pay,12
139,birthday,12
140,elected,12
141,back,12
142,schools,12
143,want,12
144,see,12
145,important,12
146,career,12
147,since,12
148,sign,12
149,young,12
150,service,12
151,fear,12
152,alone,11
153,wage,11
154,vegas,11
155,believe,11
156,democracy,11
157,clear,11
158,future,11
159,home,11
160,done,11
161,parents,11
162,fought,11
163,congratulations,11
164,security,11
165,death,11
166,las,11
167,give,11
168,come,11
169,year,11
170,matter,11
171,lj19,11
172,5,11
173,union,11
174,teachers,11
175,protected,10
176,even,10
177,stop,10
178,honored,10
179,best,10
180,release,10
181,generation,10
182,class,10
183,normal,10
184,virginia,10
185,vote,10
186,nothing,10
187,could,10
188,worker,10
189,real,10
190,leader,10
191,able,10
192,rural,10
193,crisis,10
194,weve,10
195,always,10
196,theres,10
197,truth,10
198,past,10
199,days,10
200,two,10
201,easy,10
202,corporations,10
203,oath,10
204,kids,10
205,thats,10
206,invest,10
207,reproductive,9
208,environment,9
209,scene,9
210,build,9
211,night,9
212,local,9
213,long,9
214,general,9
215,got,9
216,trail,9
217,attorney,9
218,testify,9
219,decision,9
220,free,9
221,taking,9
222,color,9
223,bring,9
224,gave,9
225,restore,9
226,power,9
227,prep,9
228,rich,9
229,change,9
230,court,9
231,nearly,9
232,account,9
233,die,9
234,money,9
235,responders,9
236,activist,9
237,open,9
238,forward,9
239,heart,9
240,introduced,9
241,team,8
242,safety,8
243,leave,8
244,indian,8
245,enough,8
246,million,8
247,pass,8
248,heres,8
249,advocate,8
250,becoming,8
251,call,8
252,spent,8
253,mike,8
254,share,8
255,contributions,8
256,poverty,8
257,theyre,8
258,hiv,8
259,attack,8
260,transcripts,8
261,hate,8
262,adults,8
263,knew,8
264,youre,8
265,tribes,8
266,difference,8
267,voices,8
268,listen,8
269,actions,8
270,thank,8
271,led,8
272,cut,8
273,nevada,8
274,10,8
275,secretary,8
276,sold,8
277,voice,8
278,democrats,8
279,accept,8
280,would,8
281,labor,8
282,period,8
283,ban,8
284,hard,8
285,rest,8
286,shouldnt,8
287,well,8
288,serve,8
289,office,8
290,part,7
291,jobs,7
292,pitch,7
293,millions,7
294,values,7
295,create,7
296,gender,7
297,love,7
298,lost,7
299,war,7
300,climate,7
301,grassroots,7
302,broken,7
303,issues,7
304,victims,7
305,moment,7
306,raise,7
307,girls,7
308,laws,7
309,ready,7
310,others,7
311,senate,7
312,immigration,7
313,entire,7
314,month,7
315,theyve,7
316,single,7
317,spend,7
318,agenda,7
319,put,7
320,helped,7
321,corporate,7
322,yesterday,7
323,50,7
324,current,7
325,happy,7
326,social,7
327,safe,7
328,show,7
329,shes,7
330,race,7
331,took,7
332,higher,7
333,organizing,7
334,mass,7
335,shot,7
336,everything,6
337,isis,6
338,thrive,6
339,highquality,6
340,critical,6
341,water,6
342,voter,6
343,looking,6
344,whistleblower,6
345,putting,6
346,reach,6
347,john,6
348,crimes,6
349,nationwide,6
350,demand,6
351,thinking,6
352,stories,6
353,fair,6
354,12,6
355,used,6
356,passed,6
357,resources,6
358,improve,6
359,weekend,6
360,tell,6
361,clean,6
362,grateful,6
363,survivors,6
364,courage,6
365,gay,6
366,likely,6
367,peoples,6
368,men,6
369,allin,6
370,barr,6
371,missing,6
372,continues,6
373,inspired,6
374,santa,6
375,republican,6
376,something,6
377,sure,6
378,mental,6
379,raised,6
380,months,6
381,members,6
382,supporters,6
383,sovereignty,6
384,special,6
385,return,6
386,impeached,6
387,harassment,6
388,standing,6
389,twitter,6
390,leadership,6
391,theyll,6
392,establish,6
393,wasnt,6
394,backbone,6
395,lack,6
396,instead,6
397,also,6
398,shoulder,6
399,matters,6
400,legacy,6
401,using,6
402,trust,6
403,tonight,6
404,sexual,6
405,pompeo,6
406,policy,6
407,platform,6
408,cities,6
409,murdered,6
410,forthepeople,6
411,throughout,6
412,meet,6
413,held,6
414,environmental,6
415,artists,6
416,space,6
417,please,6
418,sacrifice,6
419,veterans,6
420,seeing,6
421,word,6
422,job,6
423,ago,6
424,figure,6
425,peace,6
426,iraq,6
427,around,6
428,risk,6
429,term,6
430,opportunities,5
431,tech,5
432,arent,5
433,nurse,5
434,speak,5
435,pockets,5
436,repeal,5
437,good,5
438,directly,5
439,case,5
440,broke,5
441,big,5
442,answers,5
443,top,5
444,seen,5
445,whole,5
446,woman,5
447,fighter,5
448,chief,5
449,medical,5
450,hours,5
451,voting,5
452,earn,5
453,outrageous,5
454,called,5
455,looks,5
456,least,5
457,left,5
458,barriers,5
459,executive,5
460,wishing,5
461,allies,5
462,combat,5
463,housing,5
464,issue,5
465,lead,5
466,say,5
467,minimum,5
468,intelligence,5
469,step,5
470,party,5
471,gotta,5
472,promise,5
473,way,5
474,multiple,5
475,become,5
476,treated,5
477,learning,5
478,companies,5
479,calling,5
480,tweets,5
481,seeking,5
482,cost,5
483,joined,5
484,look,5
485,promising,5
486,8,5
487,happen,5
488,close,5
489,regardless,5
490,play,5
491,given,5
492,including,5
493,opportunity,5
494,hear,5
495,taken,5
496,means,5
497,without,5
498,brought,5
499,debate,5
500,released,5
501,failed,4
502,student,4
503,poet,4
504,wildfires,4
505,unlock,4
506,suppress,4
507,afford,4
508,bans,4
509,hey,4
510,news,4
511,marriage,4
512,protections,4
513,montgomery,4
514,incredible,4
515,inspiring,4
516,impacts,4
517,sutherland,4
518,question,4
519,carolina,4
520,human,4
521,ground,4
522,limit,4
523,recognize,4
524,efforts,4
525,killed,4
526,possible,4
527,already,4
528,725hour,4
529,county,4
530,homeless,4
531,outspoken,4
532,contempt,4
533,reflect,4
534,red,4
535,treatment,4
536,organized,4
537,lands,4
538,70000,4
539,danger,4
540,narrative,4
541,full,4
542,appoint,4
543,stigma,4
544,autumn,4
545,sandra,4
546,confession,4
547,nurses,4
548,friend,4
549,lift,4
550,incarceration,4
551,killing,4
552,tomorrow,4
553,affairs,4
554,thing,4
555,rodney,4
556,glad,4
557,tv,4
558,celia,4
559,selflessness,4
560,welcome,4
561,soon,4
562,jinping,4
563,story,4
564,eyes,4
565,army,4
566,early,4
567,hide,4
568,media,4
569,reality,4
570,kentucky,4
571,wrong,4
572,demanding,4
573,forever,4
574,leading,4
575,respect,4
576,may,4
577,heard,4
578,strong,4
579,mrs,4
580,economy,4
581,talent,4
582,impacted,4
583,latino,4
584,place,4
585,stressful,4
586,100,4
587,whether,4
588,subpoenas,4
589,calls,4
590,hamer,4
591,refuses,4
592,went,4
593,el,4
594,refusing,4
595,assault,4
596,2016,4
597,baseball,4
598,horrific,4
599,sentence,4
600,dreamers,4
601,beach,4
602,harass,4
603,hall,4
604,church,4
605,away,4
606,fellow,4
607,homes,4
608,injustice,4
609,shell,4
610,15,4
611,enforcement,4
612,city,4
613,rely,4
614,pence,4
615,highest,4
616,let,4
617,forprofit,4
618,affordable,4
619,intimidate,4
620,gunman,4
621,profits,4
622,vulnerable,4
623,private,4
624,caucus,4
625,medicare,4
626,votes,4
627,colleges,4
628,status,4
629,knowing,4
630,books,4
631,brave,4
632,washington,4
633,jr,4
634,firsthand,4
635,detention,4
636,changed,4
637,caucuses,4
638,trauma,4
639,lynching,4
640,powered,4
641,gold,4
642,bottom,4
643,californias,4
644,nativeamericanheritagemonth,4
645,san,4
646,lose,4
647,internet,4
648,goes,4
649,seek,4
650,exceptions,4
651,michael,4
652,commitment,4
653,basically,4
654,commit,4
655,less,4
656,involved,4
657,prosecute,4
658,friendly,4
659,silence,4
660,whose,4
661,ice,4
662,abortion,4
663,strike,4
664,medicaid,4
665,guarantee,4
666,passing,4
667,pitching,4
668,recognized,4
669,afterschool,4
670,prisons,4
671,humbled,4
672,behalf,4
673,americas,4
674,yet,4
675,youth,4
676,within,4
677,staggering,4
678,springs,4
679,served,4
680,profit,4
681,think,4
682,works,4
683,chicago,4
684,cultures,4
685,reverse,4
686,south,4
687,corner,4
688,earning,4
689,rep,4
690,longer,4
691,fuel,4
692,nice,4
693,vegasstrong,4
694,picket,4
695,line,4
696,id,4
697,manageable,4
698,joke,4
699,verge,4
700,intend,4
701,quarter,4
702,expand,4
703,didnt,4
704,reminder,4
705,touches,4
706,virginians,4
707,mattersand,4
708,2018,4
709,rudy,4
710,intervention,4
711,2017,4
712,collectively,4
713,middle,4
714,4,4
715,betrayed,4
716,murder,4
717,childcare,4
718,third,4
719,turnout,4
720,officers,4
721,council,4
722,progress,4
723,winning,4
724,baptist,4
725,celebration,4
726,clarita,4
727,nominee,4
728,xi,4
729,client,4
730,applaud,4
731,tragedies,4
732,occupant,4
733,often,4
734,joyful,4
735,delegates,4
736,endorsement,4
737,necessary,4
738,worth,4
739,donate,4
740,came,4
741,ones,4
742,commonplace,4
743,tribe,3
744,nightmare,3
745,tune,3
746,true,3
747,guy,3
748,cummings,3
749,game,3
750,suspended,3
751,destroyed,3
752,born,3
753,provide,3
754,latinx,3
755,inspiration,3
756,friends,3
757,cover,3
758,lied,3
759,committed,3
760,destroy,3
761,trade,3
762,remembering,3
763,40,3
764,started,3
765,use,3
766,shooter,3
767,incite,3
768,expanding,3
769,biggest,3
770,equal,3
771,three,3
772,middleclass,3
773,far,3
774,lies,3
775,homelessness,3
776,immigrant,3
777,unlike,3
778,cents,3
779,telling,3
780,elijah,3
781,investments,3
782,little,3
783,enjoying,3
784,getting,3
785,thanks,3
786,defeat,3
787,value,3
788,partner,3
789,words,3
790,hope,3
791,became,3
792,assemblymember,3
793,treat,3
794,behind,3
795,doubled,3
796,jail,3
797,message,3
798,table,3
799,tree,3
800,billions,3
801,threat,3
802,largest,3
803,understand,3
804,iran,3
805,benefits,3
806,billion,3
807,patriotism,3
808,dictators,3
809,synagogue,3
810,rule,3
811,wants,3
812,ensured,3
813,mom,3
814,founder,3
815,trilliondollar,3
816,enriched,3
817,conditions,3
818,accessible,3
819,culture,3
820,set,3
821,drills,3
822,candidate,3
823,honest,3
824,four,3
825,impeachment,3
826,betrayal,3
827,giving,3
828,active,3
829,major,3
830,greatest,3
831,six,3
832,injustices,3
833,theyd,3
834,ensuring,3
835,sight,3
836,face,3
837,allowed,3
838,cuts,3
839,supreme,3
840,needs,3
841,facebook,3
842,center,3
843,hed,3
844,november,3
845,broadband,3
846,dignity,3
847,plain,3
848,interests,3
849,voters,3
850,available,3
851,pacs,2
852,selffundedand,2
853,550th,2
854,cages,2
855,infrastructure,2
856,betsy,2
857,arizona,2
858,achilles,2
859,prison,2
860,disenfranchised,2
861,inquiry,2
862,virtue,2
863,oppression,2
864,shopping,2
865,americaeconomic,2
866,bravely,2
867,childbirth,2
868,lockdown,2
869,20th,2
870,worst,2
871,holds,2
872,worldmentalhealthday,2
873,criminals,2
874,patriot,2
875,praying,2
876,fed,2
877,attorneys,2
878,reelection,2
879,reprehensible,2
880,save,2
881,frank,2
882,marrying,2
883,samesex,2
884,agreement,2
885,fired,2
886,october,2
887,alexander,2
888,dream,2
889,thousand,2
890,livable,2
891,chickasaw,2
892,building,2
893,1917,2
894,represent,2
895,george,2
896,jose,2
897,degree,2
898,coming,2
899,denied,2
900,theory,2
901,average,2
902,excel,2
903,blatant,2
904,sickened,2
905,situation,2
906,levels,2
907,existed,2
908,horror,2
909,selling,2
910,physical,2
911,dayton,2
912,footage,2
913,firstever,2
914,afrocuban,2
915,whatever,2
916,century,2
917,lawless,2
918,fresno,2
919,gloria,2
920,courageous,2
921,intent,2
922,anniversary,2
923,safetyand,2
924,lot,2
925,76,2
926,thisbut,2
927,mark,2
928,manafort,2
929,precious,2
930,childhood,2
931,fieldsand,2
932,familiespictwittercomzsyqto1cuu,2
933,willow,2
934,shootingyet,2
935,hurricaneforce,2
936,reason,2
937,connected,2
938,costly,2
939,tackling,2
940,wellconnected,2
941,uniquely,2
942,spiritday,2
943,bold,2
944,aid,2
945,uplift,2
946,apia,2
947,indicative,2
948,peopleto,2
949,abuse,2
950,programs,2
951,rock,2
952,historyshowing,2
953,salvadors,2
954,relaunched,2
955,roger,2
956,contracts,2
957,voiceless,2
958,uses,2
959,immigrated,2
960,liberty,2
961,intersection,2
962,excited,2
963,brookland,2
964,hardearned,2
965,represented,2
966,500,2
967,showed,2
968,military,2
969,received,2
970,challenge,2
971,neighbor,2
972,cases,2
973,gm,2
974,courts,2
975,buy,2
976,delagardelle,2
977,longfought,2
978,nasa,2
979,nativeamericanheritagemonthpictwittercomlpe1mj0mzy,2
980,shows,2
981,listened,2
982,dangerous,2
983,powerednot,2
984,acceptance,2
985,uncomfortable,2
986,welfare,2
987,moviegoers,2
988,floor,2
989,reeds,2
990,35,2
991,reenter,2
992,arm,2
993,known,2
994,stage,2
995,martin,2
996,kind,2
997,owner,2
998,resulted,2
999,answer,2
1000,includes,2
1001,metoo,2
1002,cannot,2
1003,hispanicheritagemonthpictwittercomch3umjqift,2
1004,allfemale,2
1005,secretarytreasurer,2
1006,nonconforming,2
1007,oneradio,2
1008,participate,2
1009,soil,2
1010,trafficked,2
1011,predatory,2
1012,role,2
1013,bi,2
1014,oaks,2
1015,consequence,2
1016,purple,2
1017,district,2
1018,endless,2
1019,air,2
1020,attacks,2
1021,bargain,2
1022,suspend,2
1023,college,2
1024,grief,2
1025,asking,2
1026,hispanicheritagemonthpictwittercomchaksvxsew,2
1027,flag,2
1028,sad,2
1029,abused,2
1030,kept,2
1031,politicians,2
1032,admired,2
1033,devos,2
1034,massacre,2
1035,realized,2
1036,nativeamericanheritagemonthpictwittercomronsumbajn,2
1037,rachael,2
1038,unconstitutional,2
1039,20,2
1040,whats,2
1041,earned,2
1042,handful,2
1043,legalized,2
1044,domestic,2
1045,creating,2
1046,argued,2
1047,takethemajority,2
1048,standardbearer,2
1049,simply,2
1050,pittsburgh,2
1051,phones,2
1052,writer,2
1053,netneutrality,2
1054,intolerance,2
1055,door,2
1056,professions,2
1057,respond,2
1058,notice,2
1059,tonightin,2
1060,roll,2
1061,walked,2
1062,contracting,2
1063,databases,2
1064,decency,2
1065,optional,2
1066,costing,2
1067,putins,2
1068,dollars,2
1069,impeachable,2
1070,inhumanity,2
1071,watershed,2
1072,lucky,2
1073,someone,2
1074,wealthy,2
1075,legislators,2
1076,convicted,2
1077,move,2
1078,accessibilitywhich,2
1079,paint,2
1080,represents,2
1081,makes,2
1082,inspire,2
1083,great,2
1084,2019from,2
1085,catch,2
1086,joshuas,2
1087,exactly,2
1088,essential,2
1089,handouts,2
1090,corruption,2
1091,adversaries,2
1092,iowans,2
1093,mattersfrom,2
1094,extreme,2
1095,giuliani,2
1096,adversary,2
1097,hispanicheritagemonthpictwittercom9ffm7j6yn5,2
1098,empowering,2
1099,frontlines,2
1100,novelist,2
1101,hearts,2
1102,begins,2
1103,elect,2
1104,ohio,2
1105,undecided,2
1106,trumpbut,2
1107,loved,2
1108,chicana,2
1109,journalism,2
1110,watch,2
1111,1990,2
1112,decades,2
1113,jazmin,2
1114,gutted,2
1115,torture,2
1116,worldwide,2
1117,tools,2
1118,onebedroom,2
1119,elections,2
1120,southern,2
1121,116,2
1122,attempts,2
1123,marijuana,2
1124,awardwinning,2
1125,loophole,2
1126,donation,2
1127,task,2
1128,spoken,2
1129,tireless,2
1130,peoplepictwittercomox34hae5tn,2
1131,26,2
1132,indigenouspeoplesday,2
1133,historically,2
1134,13b,2
1135,2014,2
1136,tool,2
1137,thoughts,2
1138,daca,2
1139,religion,2
1140,fellowship,2
1141,richard,2
1142,soliciting,2
1143,adventure,2
1144,workplace,2
1145,afrolatino,2
1146,feminist,2
1147,heartbreaking,2
1148,rate,2
1149,masterful,2
1150,bias,2
1151,math,2
1152,bullet,2
1153,afraid,2
1154,centered,2
1155,islander,2
1156,genius,2
1157,receiving,2
1158,whitewash,2
1159,sylvia,2
1160,closest,2
1161,climatecrisisfl,2
1162,completely,2
1163,potential,2
1164,educate,2
1165,appropriate,2
1166,tie,2
1167,16yearold,2
1168,guilt,2
1169,halt,2
1170,complicit,2
1171,pray,2
1172,governor,2
1173,sharing,2
1174,refused,2
1175,northwest,2
1176,mind,2
1177,green,2
1178,second,2
1179,churchpictwittercomfvnyok01zh,2
1180,18,2
1181,governments,2
1182,rebuild,2
1183,credit,2
1184,congrats,2
1185,intimidation,2
1186,mexican,2
1187,owe,2
1188,address,2
1189,warning,2
1190,platinum,2
1191,awaiting,2
1192,attend,2
1193,scope,2
1194,tactics,2
1195,road,2
1196,commonwealthpictwittercomf52dx06seg,2
1197,audit,2
1198,gateway,2
1199,pencils,2
1200,intersections,2
1201,border,2
1202,russians,2
1203,focus,2
1204,defending,2
1205,corinthian,2
1206,investigated,2
1207,muehlberger,2
1208,pictwittercomtzltl2toiz,2
1209,popular,2
1210,taxes,2
1211,ideals,2
1212,warned,2
1213,da,2
1214,speedy,2
1215,drug,2
1216,unless,2
1217,gut,2
1218,presidents,2
1219,goal,2
1220,unacceptable,2
1221,becomes,2
1222,absolutely,2
1223,erodes,2
1224,fixing,2
1225,said,2
1226,whos,2
1227,mobilizing,2
1228,blocking,2
1229,affirming,2
1230,violating,2
1231,youngest,2
1232,performer,2
1233,fix,2
1234,member,2
1235,crimeby,2
1236,deserves,2
1237,salmon,2
1238,test,2
1239,teacher,2
1240,backpacks,2
1241,threatens,2
1242,indictment,2
1243,feel,2
1244,dramatically,2
1245,uninsured,2
1246,iranian,2
1247,blackwell,2
1248,richest,2
1249,11301030cpictwittercomwnmqswjqod,2
1250,terrified,2
1251,sandy,2
1252,quad,2
1253,reorganization,2
1254,onelrsd,2
1255,try,2
1256,maybe,2
1257,outlive,2
1258,phone,2
1259,disabilitiesoften,2
1260,nationsand,2
1261,sikh,2
1262,violated,2
1263,exit,2
1264,100no,2
1265,prop187,2
1266,lying,2
1267,reduce,2
1268,invoke,2
1269,spellcheck,2
1270,lori,2
1271,bandaid,2
1272,beings,2
1273,thrilled,2
1274,mendez,2
1275,democracypictwittercomwkvy9j1bbz,2
1276,mobilize,2
1277,criminalize,2
1278,cancerand,2
1279,countryblack,2
1280,400,2
1281,pirates,2
1282,services,2
1283,14yearold,2
1284,angeles,2
1285,bullying,2
1286,nursing,2
1287,consider,2
1288,solitary,2
1289,58,2
1290,schedules,2
1291,learn,2
1292,agents,2
1293,justiceshaping,2
1294,classrooms,2
1295,remember,2
1296,warm,2
1297,stronger,2
1298,stress,2
1299,ethnicities,2
1300,jefferson,2
1301,king,2
1302,oil,2
1303,board,2
1304,street,2
1305,person,2
1306,old,2
1307,fee,2
1308,gratitude,2
1309,paraphrase,2
1310,charging,2
1311,ifill,2
1312,tragic,2
1313,300000,2
1314,carry,2
1315,hand,2
1316,californians,2
1317,minds,2
1318,draconian,2
1319,happens,2
1320,plants,2
1321,paving,2
1322,wilson,2
1323,filipinoamericans,2
1324,hispanicheritagemonthpictwittercomtcrer3mj14,2
1325,hispanicheritagemonthpictwittercom3nnof8gicn,2
1326,banned,2
1327,front,2
1328,development,2
1329,requires,2
1330,confessionby,2
1331,joshua,2
1332,taxpayerfunded,2
1333,cofounder,2
1334,pictwittercomuwpavdbsgf,2
1335,industry,2
1336,disasters,2
1337,representation,2
1338,actor,2
1339,protecting,2
1340,crew,2
1341,fishing,2
1342,players,2
1343,clemente,2
1344,scholar,2
1345,shutting,2
1346,pain,2
1347,appeals,2
1348,finding,2
1349,generations,2
1350,coast,2
1351,folks,2
1352,undermines,2
1353,policies,2
1354,strength,2
1355,missed,2
1356,hispanicheritagemonthpictwittercomekgictuvnw,2
1357,changing,2
1358,theater,2
1359,heights,2
1360,orlando,2
1361,firstgrade,2
1362,vp,2
1363,meenapictwittercomj82ubushjm,2
1364,humanitarian,2
1365,onethe,2
1366,wouldnt,2
1367,motors,2
1368,trying,2
1369,hatred,2
1370,screening,2
1371,weeks,2
1372,pac,2
1373,bravery,2
1374,reminded,2
1375,90,2
1376,drinking,2
1377,boy,2
1378,immigrants,2
1379,columbine,2
1380,acting,2
1381,hampshire,2
1382,drowns,2
1383,incest,2
1384,relationship,2
1385,timepictwittercomsbmelamsr1,2
1386,fairness,2
1387,forget,2
1388,town,2
1389,lawyer,2
1390,whove,2
1391,stands,2
1392,fairly,2
1393,leaves,2
1394,comply,2
1395,enrich,2
1396,flynn,2
1397,fires,2
1398,descent,2
1399,blackowned,2
1400,bailwhile,2
1401,nationalperiodday,2
1402,damage,2
1403,fails,2
1404,midnight,2
1405,papadopoulos,2
1406,sleeves,2
1407,publicly,2
1408,scheduling,2
1409,sky,2
1410,attacked,2
1411,hispanicheritagemonthpictwittercomhozrbry1sq,2
1412,reaffirming,2
1413,successful,2
1414,shut,2
1415,doctors,2
1416,winds,2
1417,openly,2
1418,geoconda,2
1419,nanakji,2
1420,region,2
1421,comanagement,2
1422,implement,2
1423,racial,2
1424,couples,2
1425,tolerate,2
1426,facebooks,2
1427,cisneros,2
1428,results,2
1429,bend,2
1430,anything,2
1431,antidiscrimination,2
1432,clara,2
1433,homestead,2
1434,harrington,2
1435,comprehensive,2
1436,wait,2
1437,bombed,2
1438,identify,2
1439,memos,2
1440,officer,2
1441,problems,2
1442,nativeamericanheritagemonthpictwittercomuzpnpl6tb3,2
1443,birth,2
1444,treaties,2
1445,atatiana,2
1446,devastate,2
1447,elderly,2
1448,nativeamericanheritagemonthpictwittercom7lhvvzfwzq,2
1449,obstructing,2
1450,anne,2
1451,core,2
1452,roxsana,2
1453,beginning,2
1454,run,2
1455,salsa,2
1456,speech,2
1457,father,2
1458,potentialperiod,2
1459,teens,2
1460,prevailed,2
1461,goodbye,2
1462,asian,2
1463,strongest,2
1464,paso,2
1465,destabilizing,2
1466,puts,2
1467,actress,2
1468,mitch,2
1469,francisco,2
1470,heretobuild,2
1471,consciousness,2
1472,stem,2
1473,lines,2
1474,star,2
1475,forgotten,2
1476,likepictwittercomfyoiltqmtw,2
1477,roberto,2
1478,closing,2
1479,obligations,2
1480,electionday,2
1481,americanslike,2
1482,attacking,2
1483,houses,2
1484,sponsored,2
1485,striking,2
1486,committing,2
1487,admission,2
1488,countrypeople,2
1489,saying,2
1490,sunday,2
1491,motheri,2
1492,beautiful,2
1493,citizens,2
1494,discriminatory,2
1495,schoolwithout,2
1496,hq,2
1497,solidarity,2
1498,organize,2
1499,suffering,2
1500,jean,2
1501,juveniles,2
1502,ag,2
1503,chapter,2
1504,leaving,2
1505,gopictwittercomxreu1bfqtt,2
1506,benefitting,2
1507,inequality,2
1508,invests,2
1509,chairman,2
1510,pt,2
1511,screen,2
1512,25000,2
1513,huge,2
1514,carl,2
1515,cruz,2
1516,covers,2
1517,natural,2
1518,centers,2
1519,candidates,2
1520,toxic,2
1521,lifeblood,2
1522,hands,2
1523,exploring,2
1524,invested,2
1525,priority,2
1526,embodies,2
1527,belong,2
1528,surviving,2
1529,luther,2
1530,prosecuted,2
1531,pacific,2
1532,stopped,2
1533,hispanicheritagemonthpictwittercomrvprvakc8u,2
1534,umc,2
1535,renewed,2
1536,path,2
1537,opposed,2
1538,advocates,2
1539,paycheckwhile,2
1540,exemplify,2
1541,remains,2
1542,representative,2
1543,girl,2
1544,honoring,2
1545,5124880698,2
1546,hook,2
1547,minimumwage,2
1548,pictwittercomjgtzoq7fpf,2
1549,drive,2
1550,los,2
1551,utterly,2
1552,laureate,2
1553,cady,2
1554,subpoena,2
1555,reed,2
1556,backyard,2
1557,avoided,2
1558,2020gunsafety,2
1559,terrorized,2
1560,extra,2
1561,jrs,2
1562,legislatures,2
1563,opened,2
1564,clothes,2
1565,name,2
1566,warrior,2
1567,disgrace,2
1568,understands,2
1569,actors,2
1570,carroll,2
1571,allwhite,2
1572,unnecessary,2
1573,fawning,2
1574,separated,2
1575,parkland,2
1576,execution,2
1577,grow,2
1578,mother,2
1579,classmates,2
1580,conversations,2
1581,positive,2
1582,hopi,2
1583,horrifying,2
1584,following,2
1585,languages,2
1586,gonna,2
1587,criminalizing,2
1588,quo,2
1589,awardpictwittercomjjqscz7eun,2
1590,opponent,2
1591,quite,2
1592,area,2
1593,write,2
1594,crime,2
1595,knocked,2
1596,tribute,2
1597,turned,2
1598,fundraising,2
1599,website,2
1600,chosen,2
1601,hispanicheritagemonthpictwittercomnxodtco9jg,2
1602,trenches,2
1603,behavior,2
1604,running,2
1605,lou,2
1606,fully,2
1607,joining,2
1608,finally,2
1609,reddy,2
1610,company,2
1611,ends,2
1612,brady,2
1613,separation,2
1614,icwa,2
1615,recovery,2
1616,heritage,2
1617,victory,2
1618,named,2
1619,mobilized,2
1620,despicable,2
1621,deal,2
1622,targeting,2
1623,dude,2
1624,numerous,2
1625,membersits,2
1626,laid,2
1627,iranprotests,2
1628,wed,2
1629,incredibly,2
1630,historicits,2
1631,hughes,2
1632,sikhs,2
1633,another,2
1634,childrenpictwittercom1bmay3e99s,2
1635,income,2
1636,pm,2
1637,rent,2
1638,cathy,2
1639,serving,2
1640,halloween,2
1641,veteransday,2
1642,pioneer,2
1643,coverup,2
1644,queen,2
1645,decided,2
1646,determination,2
1647,suppression,2
1648,products,2
1649,lag,2
1650,botham,2
1651,stay,2
1652,dominic,2
1653,majority,2
1654,threats,2
1655,suresh,2
1656,mississippi,2
1657,newton,2
1658,ensures,2
1659,northeast,2
1660,basis,2
1661,devastating,2
1662,14,2
1663,bathroom,2
1664,responsible,2
1665,weddings,2
1666,focused,2
1667,preschool,2
1668,invited,2
1669,overtime,2
1670,nativeamericanheritagemonthpictwittercom7le9s1xqkv,2
1671,direct,2
1672,billy,2
1673,browns,2
1674,william,2
1675,gwen,2
1676,disgraceful,2
1677,reforms,2
1678,worked,2
1679,super,2
1680,guns,2
1681,authorities,2
1682,surprise,2
1683,contract,2
1684,giveaway,2
1685,colleagues,2
1686,witnessed,2
1687,presidency,2
1688,granted,2
1689,china,2
1690,east,2
1691,gracie,2
1692,whim,2
1693,casepictwittercomqoapcsvb8j,2
1694,elevate,2
1695,recovering,2
1696,wrenching,2
1697,misguided,2
1698,taught,2
1699,era,2
1700,reacquired,2
1701,extortion,2
1702,dime,2
1703,arguellokline,2
1704,penalty,2
1705,chair,2
1706,duty,2
1707,cubans,2
1708,renowned,2
1709,wave,2
1710,guru,2
1711,aurora,2
1712,trial,2
1713,outdated,2
1714,helping,2
1715,number,2
1716,records,2
1717,prayers,2
1718,fulfill,2
1719,momentum,2
1720,evacuate,2
1721,treaty,2
1722,nativeamericanheritagemonthpictwittercomp1ybf7ivyb,2
1723,proof,2
1724,affront,2
1725,parent,2
1726,paul,2
1727,icon,2
1728,roles,2
1729,immediately,2
1730,mean,2
1731,birthplace,2
1732,modern,2
1733,200year,2
1734,orientation,2
1735,constant,2
1736,colorhave,2
1737,fightfor15,2
1738,vilify,2
1739,weapons,2
1740,cohen,2
1741,soared,2
1742,livesand,2
1743,decorated,2
1744,bernardino,2
1745,pays,2
1746,colonel,2
1747,terms,2
1748,educators,2
1749,risks,2
1750,rehabilitation,2
1751,box,2
1752,overcome,2
1753,niece,2
1754,brunt,2
1755,stood,2
1756,tackle,2
1757,arguing,2
1758,caucusgoers,2
1759,radio,2
1760,expected,2
1761,fail,2
1762,raking,2
1763,moines,2
1764,entry,2
1765,vindman,2
1766,wake,2
1767,serieslater,2
1768,atlanta,2
1769,urged,2
1770,tim,2
1771,science,2
1772,papering,2
1773,ms,2
1774,games,2
1775,kyrstin,2
1776,urgency,2
1777,conyers,2
1778,exploiting,2
1779,transcript,2
1780,fly,2
1781,offense,2
1782,lifetime,2
1783,inhumane,2
1784,troops,2
1785,ways,2
1786,bison,2
1787,homecoming,2
1788,tragedy,2
1789,infected,2
1790,seconds,2
1791,sons,2
1792,network,2
1793,youd,2
1794,champion,2
1795,piestewa,2
1796,stain,2
1797,bisexual,2
1798,rather,2
1799,pattern,2
1800,walking,2
1801,underrepresented,2
1802,seniors,2
1803,heelrace,2
1804,ultimate,2
1805,womenthe,2
1806,caseloads,2
1807,program,2
1808,1m,2
1809,grieve,2
1810,abuseshe,2
1811,vice,2
1812,stripping,2
1813,terrorists,2
1814,honors,2
1815,signed,2
1816,peltier,2
1817,asylum,2
1818,promote,2
1819,104,2
1820,peopleincluding,2
1821,however,2
1822,nov,2
1823,sent,2
1824,effective,2
1825,marks,2
1826,inaction,2
1827,diahann,2
1828,accountability,2
1829,preventable,2
1830,heroic,2
1831,hefty,2
1832,department,2
1833,grammys,2
1834,awareness,2
1835,holding,2
1836,trampled,2
1837,whistleblowers,2
1838,nadler,2
1839,thankful,2
1840,parts,2
1841,24,2
1842,paris,2
1843,worshippers,2
1844,pronouns,2
1845,supported,2
1846,sense,2
1847,steadfast,2
1848,oppose,2
1849,acres,2
1850,thinks,2
1851,congressional,2
1852,filipinoamerican,2
1853,lustrous,2
1854,equalitytownhall,2
1855,babies,2
1856,pictwittercomhhzwe4rzfm,2
1857,heartbroken,2
1858,betraying,2
1859,wilsons,2
1860,sufficient,2
1861,enrolled,2
1862,erase,2
1863,stoked,2
1864,humanity,2
1865,rockingham,2
1866,tapestry,2
1867,des,2
1868,iowapictwittercom3v0jgwc5iw,2
1869,fame,2
1870,interfere,2
1871,teams,2
1872,lining,2
1873,read,2
1874,pageantry,2
1875,vitally,2
1876,pressuring,2
1877,texas,2
1878,hardworking,2
1879,recordpictwittercomef27xparzy,2
1880,benefited,2
1881,pryor,2
1882,battling,2
1883,quarterallowing,2
1884,1934,2
1885,bullied,2
1886,microphone,2
1887,sec,2
1888,unionsforall,2
1889,rules,2
1890,executionbut,2
1891,polls,2
1892,attentionequal,2
1893,madepictwittercomtq3uznx2mp,2
1894,truthful,2
1895,cause,2
1896,resegregate,2
1897,speaking,2
1898,crops,2
1899,rape,2
1900,flee,2
1901,times,2
1902,success,2
1903,bank,2
1904,jazmins,2
1905,displaced,2
1906,miss,2
1907,nationalrunforofficeday,2
1908,rsvp,2
1909,induction,2
1910,sizes,2
1911,voted,2
1912,anzalduas,2
1913,stone,2
1914,head,2
1915,near,2
1916,sponsor,2
1917,retirement,2
1918,nationalstemday,2
1919,minutes,2
1920,choice,2
1921,partyfor,2
1922,themnot,2
1923,picture,2
1924,banning,2
1925,consequences,2
1926,sparked,2
1927,threatened,2
1928,ally,2
1929,impact,2
1930,mcconnell,2
1931,costs,2
1932,confinement,2
1933,combatting,2
1934,jersey,2
1935,legislation,2
1936,sit,2
1937,postdebate,2
1938,understanding,2
1939,deputizing,2
1940,boldt,2
1941,begun,2
1942,proudly,2
1943,primary,2
1944,internationally,2
1945,harassed,2
1946,dedicated,2
1947,urging,2
1948,hispanicheritagemonthpictwittercom6glyamouju,2
1949,predict,2
1950,capable,2
1951,hispanicheritagemonthpictwittercomrysfndcjtb,2
1952,starts,2
1953,enduredand,2
1954,juggle,2
1955,veteran,2
1956,astronaut,2
1957,bearing,2
1958,mepictwittercom1rhmx9dnvr,2
1959,spoke,2
1960,inclusive,2
1961,cultural,2
1962,manchester,2
1963,diverse,2
1964,perseverance,2
1965,abolishing,2
1966,achieve,2
1967,assistance,2
1968,yetpictwittercomluq9mjerj8,2
1969,reform,2
1970,fahmpictwittercomcls5kmr3me,2
1971,forthepeoplepictwittercom9npmsu3igq,2
1972,pge,2
1973,queer,2
1974,soldier,2
1975,fixgirlssports,2
1976,hit,2
1977,officiate,2
1978,hispanicheritagemonthpictwittercom6kdzqnfo9m,2
1979,fannie,2
1980,disproportionately,2
1981,claim,2
1982,organizers,2
1983,impeach,2
1984,teamkamala,2
1985,witnessing,1
1986,disability,1
1987,0,1
1988,bethany,1
1989,protector,1
1990,dayofthegirl,1
1991,surrounding,1
1992,103rd,1
1993,dollar,1
1994,feels,1
1995,biased,1
1996,observing,1
1997,price,1
1998,knocktober,1
1999,kurds,1
2000,harmful,1
2001,paying,1
2002,employment,1
2003,11b,1
2004,takes,1
2005,transform,1
2006,benefit,1
2007,projectand,1
2008,youll,1
2009,hispanicheritagemonthpictwittercomuayipdzhh0,1
2010,relate,1
2011,coincidence,1
2012,billionaires,1
2013,lj19pictwittercomqrkiaeuafj,1
2014,senator,1
2015,singing,1
2016,enrollment,1
2017,poor,1
2018,hispanic,1
2019,restrictive,1
2020,died,1
2021,shown,1
2022,ability,1
2023,body,1
2024,northern,1
2025,turn,1
2026,argue,1
2027,man,1
2028,extorted,1
2029,involving,1
2030,iowabut,1
2031,tdor,1
2032,thousands,1
2033,recommit,1
2034,tend,1
2035,trusted,1
2036,dictate,1
2037,much,1
2038,told,1
2039,bug,1
2040,autopsy,1
2041,commander,1
2042,fraud,1
2043,dreams,1
2044,75,1
2045,surge,1
2046,dec,1
2047,succeed,1
2048,recipients,1
2049,anywhere,1
2050,2009,1
2051,hernandez,1
2052,stops,1
2053,deeply,1
2054,handpicked,1
2055,count,1
2056,politics,1
2057,joyous,1
2058,instate,1
2059,unify,1
2060,created,1
2061,hugged,1
2062,flooding,1
2063,nose,1
2064,hour,1
2065,mr,1
2066,getoutofjailfree,1
2067,negotiate,1
2068,produce,1
2069,obstruction,1
2070,6,1
2071,fund,1
2072,significantly,1
2073,nativeamericanheritagemonthpictwittercomkwfcbkwzil,1
2074,disabilities,1
2075,society,1
2076,speaks,1
2077,winners,1
2078,wonder,1
2079,worldchildrensday,1
2080,20000,1
2081,increased,1
2082,pharmaceutical,1
2083,studio,1
2084,celebrating,1
2085,kavanaugh,1
2086,talking,1
2087,hasnt,1
2088,riseupoct8,1
2089,ageyou,1
2090,yellowtail,1
2091,passion,1
2092,shanah,1
2093,light,1
2094,dirty,1
2095,womenhave,1
2096,2019,1
2097,sessions,1
2098,fearless,1
2099,fire,1
2100,youve,1
2101,questions,1
2102,executives,1
2103,treasure,1
2104,opioids,1
2105,11,1
2106,ambassador,1
2107,funding,1
2108,nationincluding,1
2109,legislature,1
2110,fairlyor,1
2111,timepictwittercomlidwuldlzt,1
2112,assad,1
2113,discussing,1
2114,allow,1
2115,corrupt,1
2116,facing,1
2117,surveillance,1
2118,deals,1
2119,judged,1
2120,promised,1
2121,pursue,1
2122,fighters,1
2123,covered,1
2124,vanity,1
2125,resolve,1
2126,identity,1
2127,dreamif,1
2128,text,1
2129,scam,1
2130,language,1
2131,met,1
2132,congressman,1
2133,seat,1
2134,grave,1
2135,sioux,1
2136,aids,1
2137,ending,1
2138,diversity,1
2139,arepictwittercomhdq81wys1s,1
2140,respected,1
2141,capacity,1
2142,perpetual,1
2143,beauty,1
2144,involvement,1
2145,traumatizing,1
2146,flames,1
2147,says,1
2148,drained,1
2149,forms,1
2150,notagainsu,1
2151,checks,1
2152,anna,1
2153,witnesses,1
2154,shaping,1
2155,finger,1
2156,wish,1
2157,hbcus,1
2158,lifting,1
2159,enoughno,1
2160,donor,1
2161,framers,1
2162,names,1
2163,threaten,1
2164,yom,1
2165,counselors,1
2166,machine,1
2167,heroically,1
2168,eye,1
2169,faculty,1
2170,preexisting,1
2171,designed,1
2172,staff,1
2173,stuff,1
2174,safer,1
2175,pictwittercomlbhjfbmsmy,1
2176,giant,1
2177,lakota,1
2178,start,1
2179,approvalpictwittercomdeit1efokd,1
2180,maryland,1
2181,colorare,1
2182,headlines,1
2183,eliminating,1
2184,balances,1
2185,custody,1
2186,wasteful,1
2187,friendspictwittercomquhapbquru,1
2188,homicide,1
2189,phenomenal,1
2190,eight,1
2191,peopleparticularly,1
2192,merch,1
2193,pictwittercomz7kfbs2zwr,1
2194,willing,1
2195,vibrant,1
2196,floornow,1
2197,parties,1
2198,schoolsandcommunitiesfirst,1
2199,option,1
2200,mulvaney,1
2201,53,1
2202,worse,1
2203,currently,1
2204,latinaequalpay,1
2205,rain,1
2206,shootings,1
2207,tovah,1
2208,cap,1
2209,pride,1
2210,amount,1
2211,gone,1
2212,built,1
2213,doors,1
2214,favor,1
2215,international,1
2216,crow,1
2217,1949,1
2218,tried,1
2219,4year,1
2220,effects,1
2221,rewrites,1
2222,undermine,1
2223,deserving,1
2224,ukraine,1
2225,conviction,1
2226,mixes,1
2227,vladimir,1
2228,oglala,1
2229,ignore,1
2230,showcase,1
2231,counsel,1
2232,simple,1
2233,scary,1
2234,interest,1
2235,hateful,1
2236,justicevotes2020,1
2237,fulltime,1
2238,dimmer,1
2239,card,1
2240,ari,1
2241,yes,1
2242,hundreds,1
2243,receive,1
2244,moments,1
2245,concern,1
2246,crack,1
2247,concerned,1
2248,policyno,1
2249,playing,1
2250,brett,1
2251,changer,1
2252,form,1
2253,obstruct,1
2254,truman,1
2255,sending,1
2256,tunes,1
2257,powerful,1
2258,violate,1
2259,cheyenne,1
2260,legal,1
2261,senseless,1
2262,badly,1
2263,pertaining,1
2264,bureau,1
2265,725,1
2266,targeted,1
2267,taxing,1
2268,half,1
2269,kippur,1
2270,keeping,1
2271,fashion,1
2272,wars,1
2273,tuition,1
2274,founding,1
2275,commend,1
2276,hernandezs,1
2277,reduced,1
2278,jeff,1
2279,republicans,1
2280,americansmostly,1
2281,promises,1
2282,latinas,1
2283,putin,1
2284,unpatriotic,1
2285,madness,1
2286,syracuses,1
2287,increase,1
2288,fullon,1
2289,gunned,1
2290,farmers,1
2291,racially,1
2292,empty,1
2293,blind,1
2294,nativeamericanheritagemonthpictwittercomz2xgs3evpk,1
2295,protesting,1
2296,fans,1
2297,evidenceand,1
2298,remembrance,1
2299,observant,1
2300,investigate,1
2301,recuse,1
2302,mothers,1
2303,diwali,1
2304,platforms,1
2305,antisemitism,1
2306,unfairits,1
2307,priorities,1
2308,shine,1
2309,enhanced,1
2310,toetotoe,1
2311,barely,1
2312,definitely,1
2313,wrongand,1
2314,russia,1
2315,reaffirm,1
2316,2yearold,1
2317,harry,1
2318,homeishere,1
2319,photographs,1
2320,foundation,1
2321,driving,1
2322,urge,1
2323,lie,1
2324,prod,1
2325,pinky,1
2326,might,1
2327,countrys,1
2328,exceeds,1
2329,peoplenot,1
2330,corporation,1
2331,americansno,1
2332,investors,1
2333,fast,1
2334,algorithms,1
2335,foster,1
2336,22,1
2337,bigger,1
2338,meant,1
2339,meaningful,1
2340,sheherhers,1
2341,serves,1
2342,headon,1
2343,grandmother,1
